{
  "encv": {
    "l1_ratio": [
      0.1,
      0.5,
      0.7,
      0.9,
      0.95,
      0.99,
      1.0
    ]
  },
  "en": {
    "alpha": [
      0.000001,
      0.00001,
      0.0001,
      0.001,
      0.01,
      0.1
    ],
    "l1_ratio": [
      0.0,
      0.1,
      0.2,
      0.3,
      0.4,
      0.5,
      0.6,
      0.7,
      0.8,
      0.9
    ]
  },
  "rf": {
    "estimators": [
      10,
      30,
      50,
      100,
      300,
      500
    ],
    "depth": [
      3,
      7,
      10,
      12,
      15,
      18,
      30
    ]
  },
  "ann": {}
}